Issue_Key,Summary,Role,Assignee,Priority,Created_Date,Last_Updated_Date,Status_Current,Status_Entered_Date,Resolved_Date,Estimate_Hrs,Actual_Hrs,Delay_Rate,Re_open_Count,Handoff_Count,SLA_Hours,SLA_Breached,Lead_Time_Hours,Root_Cause_Category,Blocked_Reason,Upstream_Team,Downstream_Team
LUANTA-2093,Cross-border payment gateway callback issue,Backend,Alex,P2-Medium,2025-01-01,2025-01-02 02:53:05.124049159,Done,2025-01-01 13:03:14.923451399,2025-01-02 13:18:00,9,18.9,110.1,2,3,120,N,37.3,API Dependency,,Internal Platform,Client Ops
LUANTA-2104,New Slot Game API end-point validation,Backend,Alex,P1-High,2025-01-01,2025-01-01 18:34:25.081527212,Done,2025-01-01 05:29:37.012442518,2025-01-01 19:12:00,7,11.7,67.4,1,1,72,N,19.2,API Dependency,,Internal Platform,Client Ops
LUANTA-2028,Database deadlock investigation during peak hours,Backend,Ben,P1-High,2025-01-02,2025-01-03 17:09:16.359837066,Done,2025-01-03 00:47:30.924693234,2025-01-03 21:06:00,15,21.9,46.2,0,0,72,N,45.1,Data / DB,,Compliance,Finance
LUANTA-2036,MG Wallet API Integration for Operator A,Backend,Cindy,P2-Medium,2025-01-02,2025-01-03 13:52:51.741935864,Blocked,2025-01-03 10:01:43.557568564,,15,31.0,107.0,2,3,120,N,,API Dependency,Waiting for vendor/PSP response,N/A,Finance
LUANTA-2182,WebSocket disconnection issue on iOS,Frontend,Fiona,P3-Low,2025-01-04,2025-01-04 22:52:22.214876851,To Do,2025-01-04 15:47:46.909292291,,13,17.7,36.0,0,1,240,N,,Spec / Requirement,,N/A,CS
LUANTA-2068,Market research on Asian payment trends,Product Manager,Sam,P2-Medium,2025-01-04,2025-01-04 11:08:04.762009536,Done,2025-01-04 06:51:58.227939000,2025-01-04 11:42:00,4,5.4,34.7,0,0,120,N,11.7,Payments / PSP,,Compliance,CS
LUANTA-2084,Cross-border payment gateway callback issue,Backend,Alex,P1-High,2025-01-07,2025-01-07 22:58:36.266446880,Review,2025-01-07 10:54:21.967794323,,11,16.4,48.7,2,2,72,N,,API Dependency,,PSP Vendor,CS
LUANTA-2007,Market research on Asian payment trends,Product Manager,Taylor,P3-Low,2025-01-14,2025-01-15 03:06:28.801166641,Done,2025-01-14 22:47:23.796341234,2025-01-15 05:00:00,13,14.6,12.2,0,0,240,N,29.0,Payments / PSP,,Internal Platform,Finance
LUANTA-2184,Cross-border payment gateway callback issue,Backend,Derek,P1-High,2025-01-17,2025-01-17 20:29:52.487616044,Review,2025-01-17 11:13:46.595759517,,12,24.0,99.7,1,3,72,N,,API Dependency,,MG HQ,Finance
LUANTA-2088,Casino lobby dark mode design,UI/UX,Sam,P1-High,2025-01-19,2025-01-19 09:41:47.494875264,Done,2025-01-19 02:51:04.787611569,2025-01-19 09:42:00,5,5.9,18.7,0,1,72,N,9.7,Spec / Requirement,,N/A,N/A
LUANTA-2167,WebSocket disconnection issue on iOS,Frontend,Grace,P3-Low,2025-01-19,2025-01-19 07:06:12.405363944,Done,2025-01-19 03:14:15.005393316,2025-01-19 08:12:00,4,5.2,31.0,0,0,240,N,8.2,Spec / Requirement,,N/A,Client Ops
LUANTA-2103,Cross-border payment gateway callback issue,Backend,Cindy,P3-Low,2025-01-23,2025-01-24 13:09:14.976967881,Done,2025-01-23 09:10:39.708764895,2025-01-24 19:12:00,8,20.3,153.4,2,2,240,N,43.2,API Dependency,,N/A,CS
LUANTA-2080,Bonus system calculation logic fix,Backend,Derek,P1-High,2025-01-25,2025-01-26 03:13:42.042885484,Review,2025-01-25 09:17:43.287103105,,14,23.2,65.5,2,2,72,N,,Spec / Requirement,,PSP Vendor,CS
LUANTA-2132,Game Asset loading speed improvement,Frontend,Grace,P2-Medium,2025-01-26,2025-01-27 07:26:56.681496686,Done,2025-01-26 06:40:43.616824968,2025-01-27 08:48:00,15,16.2,8.2,0,0,120,N,32.8,Game Feature / Content,,PSP Vendor,N/A
LUANTA-2185,MG Wallet API Integration for Operator A,Backend,Cindy,P0-Critical,2025-01-27,2025-01-27 20:36:39.287891505,QA,2025-01-27 10:39:42.990492184,2025-01-28 09:42:00,9,20.5,127.9,0,1,24,Y,33.7,API Dependency,,N/A,CS
LUANTA-2085,Integration of new promotional banners,Frontend,Fiona,P1-High,2025-01-29,2025-01-29 12:32:02.263264425,Done,2025-01-29 08:04:26.777673808,2025-01-29 18:00:00,9,12.6,39.5,0,0,72,N,18.0,API Dependency,,Internal Platform,Finance
LUANTA-2166,Post-mortem report for API downtime event,Product Manager,Taylor,P3-Low,2025-02-01,2025-02-01 04:43:54.850801728,Review,2025-02-01 02:05:00.525274933,,4,4.1,1.5,0,1,240,N,,API Dependency,,Compliance,Finance
LUANTA-2130,New player registration flow optimization,UI/UX,Sam,P2-Medium,2025-02-05,2025-02-05 11:12:06.113765541,In Progress,2025-02-05 05:32:11.876952985,,7,9.7,38.8,0,0,120,N,,Spec / Requirement,,Internal Platform,Finance
LUANTA-2091,Cross-border payment gateway callback issue,Backend,Ben,P3-Low,2025-02-13,2025-02-13 15:57:47.231048883,Done,2025-02-13 13:54:39.616844529,2025-02-13 23:30:00,8,11.6,45.2,2,2,240,N,23.5,API Dependency,,Internal Platform,Finance
LUANTA-2071,Post-mortem report for API downtime event,Product Manager,Taylor,P3-Low,2025-02-13,2025-02-14 03:34:39.724746157,Done,2025-02-13 20:01:54.229159684,2025-02-14 04:36:00,15,15.6,4.0,0,1,240,N,28.6,API Dependency,,Compliance,Client Ops
LUANTA-2022,Compliance audit for European regulators,Product Manager,Taylor,P3-Low,2025-02-13,2025-02-14 02:39:05.347173916,Done,2025-02-13 15:25:13.943896883,2025-02-14 06:54:00,14,15.8,13.0,0,0,240,N,30.9,Spec / Requirement,,N/A,CS
LUANTA-2117,Database deadlock investigation during peak hours,Backend,Cindy,P1-High,2025-02-15,2025-02-15 07:37:09.721358594,QA,2025-02-15 03:02:29.358115332,2025-02-15 12:24:00,4,8.0,100.4,1,3,72,N,12.4,Data / DB,,PSP Vendor,Client Ops
LUANTA-2118,MG Wallet API Integration for Operator A,Backend,Ben,P0-Critical,2025-02-16,2025-02-16 17:38:37.095561556,Done,2025-02-16 14:36:25.661082563,2025-02-17 05:18:00,9,13.5,49.8,2,2,24,Y,29.3,API Dependency,,N/A,CS
LUANTA-2016,Post-mortem report for API downtime event,Product Manager,Sam,P1-High,2025-02-17,2025-02-17 09:37:13.004707760,Done,2025-02-17 03:30:26.084630548,2025-02-17 15:30:00,6,7.4,23.7,0,0,72,N,15.5,API Dependency,,PSP Vendor,N/A
LUANTA-2009,E-ticket module style customization,UI/UX,Sam,P3-Low,2025-02-19,2025-02-19 09:51:20.627393007,Done,2025-02-19 04:12:56.480416141,2025-02-19 11:42:00,5,5.9,17.0,0,1,240,N,11.7,Spec / Requirement,,Internal Platform,N/A
LUANTA-2156,Cross-border payment gateway callback issue,Backend,Cindy,P2-Medium,2025-02-20,2025-02-21 10:03:42.950882588,Done,2025-02-21 04:29:15.137238169,2025-02-21 13:00:00,11,26.5,140.9,2,2,120,N,37.0,API Dependency,,N/A,Client Ops
LUANTA-2112,Database deadlock investigation during peak hours,Backend,Cindy,P3-Low,2025-02-22,2025-02-23 09:56:11.583811129,Blocked,2025-02-22 19:22:00.810874370,,14,29.3,109.6,0,1,240,N,,Data / DB,Awaiting UAT sign-off,N/A,N/A
LUANTA-2056,Game Asset loading speed improvement,Frontend,Grace,P3-Low,2025-02-23,2025-02-23 19:49:44.438283375,Done,2025-02-23 14:16:09.852549483,2025-02-23 21:06:00,15,17.0,13.1,0,0,240,N,21.1,Game Feature / Content,,N/A,Client Ops
LUANTA-2106,E-ticket module style customization,UI/UX,Taylor,P1-High,2025-02-23,2025-02-23 06:58:35.036730793,Done,2025-02-23 04:16:48.611388922,2025-02-23 11:12:00,8,8.3,3.5,0,1,72,N,11.2,Spec / Requirement,,PSP Vendor,Finance
LUANTA-2169,Requirement doc for wash-requirement logic,Product Manager,Sam,P1-High,2025-02-24,2025-02-25 00:56:32.813424513,In Progress,2025-02-24 16:23:50.464170098,,13,14.4,10.8,0,1,72,N,,Spec / Requirement,,N/A,Client Ops
LUANTA-2189,User experience audit for sports betting module,UI/UX,Sam,P3-Low,2025-02-24,2025-02-24 22:25:58.187189251,To Do,2025-02-24 09:11:15.993766092,,11,11.9,8.6,0,0,240,N,,Spec / Requirement,,N/A,Client Ops
LUANTA-2115,New player registration flow optimization,UI/UX,Sam,P2-Medium,2025-03-02,2025-03-02 11:59:48.236450175,Done,2025-03-02 04:25:34.750859033,2025-03-02 13:12:00,6,6.1,1.6,0,1,120,N,13.2,Spec / Requirement,,N/A,Client Ops
LUANTA-2021,New player registration flow optimization,UI/UX,Sam,P1-High,2025-03-07,2025-03-07 16:47:37.114042549,Done,2025-03-07 07:08:59.292435947,2025-03-07 19:06:00,12,12.5,4.2,0,1,72,N,19.1,Spec / Requirement,,MG HQ,Client Ops
LUANTA-2125,MG Wallet API Integration for Operator A,Backend,Ben,P2-Medium,2025-03-08,2025-03-08 11:02:06.959875390,Done,2025-03-08 03:24:28.046520594,2025-03-08 11:48:00,5,7.5,50.4,1,2,120,N,11.8,API Dependency,,Compliance,N/A
LUANTA-2183,WebSocket disconnection issue on iOS,Frontend,Fiona,P1-High,2025-03-16,2025-03-16 10:54:15.376322854,Done,2025-03-16 08:51:16.152868348,2025-03-16 17:42:00,8,10.6,32.6,0,1,72,N,17.7,Spec / Requirement,,N/A,Client Ops
LUANTA-2074,Cross-border payment gateway callback issue,Backend,Ben,P1-High,2025-03-16,2025-03-16 23:45:24.761756296,Done,2025-03-16 09:27:42.190890351,2025-03-17 10:54:00,11,25.1,128.2,2,2,72,N,34.9,API Dependency,,Compliance,Finance
LUANTA-2083,Risk control dashboard redesign,UI/UX,Taylor,P1-High,2025-03-17,2025-03-17 15:00:51.461268422,Done,2025-03-17 08:54:14.817832057,2025-03-17 23:06:00,13,17.4,33.5,0,1,72,N,23.1,Spec / Requirement,,PSP Vendor,CS
LUANTA-2098,Casino lobby dark mode design,UI/UX,Sam,P3-Low,2025-03-23,2025-03-23 13:28:13.613714749,Done,2025-03-23 10:09:42.714034286,2025-03-23 16:48:00,8,10.0,24.5,0,0,240,N,16.8,Spec / Requirement,,Compliance,N/A
LUANTA-2124,Database deadlock investigation during peak hours,Backend,Ben,P3-Low,2025-03-27,2025-03-28 08:19:50.552572566,Review,2025-03-28 00:12:18.915361470,,15,25.2,68.0,0,0,240,N,,Data / DB,,MG HQ,N/A
LUANTA-2064,Mobile lobby UI rendering optimization,Frontend,Ethan,P1-High,2025-03-27,2025-03-28 00:22:02.407807034,Review,2025-03-27 12:21:03.890268172,,15,15.3,1.8,0,0,72,N,,Spec / Requirement,,Internal Platform,Client Ops
LUANTA-2199,Database deadlock investigation during peak hours,Backend,Ben,P1-High,2025-03-27,2025-03-27 22:11:40.839294310,Done,2025-03-27 11:50:17.518932151,2025-03-27 23:36:00,10,14.4,44.1,1,2,72,N,23.6,Data / DB,,Compliance,N/A
LUANTA-2170,Multi-language localization update (Thai/Vietnamese),Frontend,Grace,P2-Medium,2025-03-28,2025-03-28 09:00:15.691243968,Done,2025-03-28 08:04:13.899590112,2025-03-28 13:36:00,5,6.7,34.7,0,1,120,N,13.6,Spec / Requirement,,Internal Platform,CS
LUANTA-2134,Post-mortem report for API downtime event,Product Manager,Sam,P1-High,2025-03-31,2025-04-01 08:37:31.684592110,Done,2025-03-31 21:55:53.163983363,2025-04-01 12:30:00,14,19.2,37.3,0,0,72,N,36.5,API Dependency,,Compliance,Client Ops
LUANTA-2008,Bonus system calculation logic fix,Backend,Ben,P1-High,2025-04-02,2025-04-02 21:48:22.947848607,Done,2025-04-02 16:47:46.653020608,2025-04-03 08:12:00,10,21.3,113.2,2,2,72,N,32.2,Spec / Requirement,,PSP Vendor,Finance
LUANTA-2105,Market research on Asian payment trends,Product Manager,Sam,P0-Critical,2025-04-05,2025-04-06 13:49:24.264941332,Done,2025-04-06 07:27:39.771440299,2025-04-07 05:24:00,13,26.3,102.4,1,2,24,Y,53.4,Payments / PSP,,Compliance,N/A
LUANTA-2076,Post-mortem report for API downtime event,Product Manager,Taylor,P1-High,2025-04-06,2025-04-07 07:12:13.875572203,Done,2025-04-06 23:26:37.888179883,2025-04-07 11:18:00,15,17.6,17.2,0,1,72,N,35.3,API Dependency,,Compliance,Finance
LUANTA-2026,Risk control dashboard redesign,UI/UX,Taylor,P1-High,2025-04-06,2025-04-06 12:35:57.985106226,Done,2025-04-06 04:09:11.150400514,2025-04-06 12:42:00,7,8.0,14.5,0,0,72,N,12.7,Spec / Requirement,,Compliance,Client Ops
LUANTA-2031,Requirement doc for wash-requirement logic,Product Manager,Sam,P2-Medium,2025-04-08,2025-04-08 05:19:15.923593423,Done,2025-04-08 03:09:29.414454039,2025-04-08 06:18:00,4,4.2,6.0,0,1,120,N,6.3,Spec / Requirement,,PSP Vendor,N/A
LUANTA-2037,Casino lobby dark mode design,UI/UX,Sam,P1-High,2025-04-09,2025-04-09 09:27:04.902894529,Done,2025-04-09 02:33:51.837744608,2025-04-09 15:12:00,6,8.1,34.3,0,0,72,N,15.2,Spec / Requirement,,PSP Vendor,N/A
LUANTA-2143,Requirement doc for wash-requirement logic,Product Manager,Sam,P2-Medium,2025-04-14,2025-04-14 12:21:33.279783757,Done,2025-04-14 08:07:14.108754703,2025-04-14 14:36:00,9,10.9,21.6,0,0,120,N,14.6,Spec / Requirement,,PSP Vendor,N/A
LUANTA-2145,Game Asset loading speed improvement,Frontend,Fiona,P2-Medium,2025-04-14,2025-04-14 09:04:08.476475847,Done,2025-04-14 07:52:43.187627851,2025-04-14 14:42:00,10,10.5,4.7,0,1,120,N,14.7,Game Feature / Content,,Internal Platform,N/A
LUANTA-2057,Post-mortem report for API downtime event,Product Manager,Taylor,P2-Medium,2025-04-18,2025-04-18 11:49:31.305822164,Done,2025-04-18 06:36:33.632624337,2025-04-18 12:24:00,10,10.3,3.4,0,0,120,N,12.4,API Dependency,,Internal Platform,N/A
LUANTA-2081,Post-mortem report for API downtime event,Product Manager,Taylor,P2-Medium,2025-04-19,2025-04-20 07:49:04.538299616,Done,2025-04-19 16:00:25.151664303,2025-04-20 12:00:00,13,18.1,39.0,0,0,120,N,36.0,API Dependency,,PSP Vendor,Finance
LUANTA-2154,Multi-language localization update (Thai/Vietnamese),Frontend,Grace,P1-High,2025-04-21,2025-04-21 23:57:33.086738772,Done,2025-04-21 05:23:34.700910673,2025-04-22 11:48:00,14,19.2,37.3,0,0,72,N,35.8,Spec / Requirement,,Internal Platform,Client Ops
LUANTA-2107,User experience audit for sports betting module,UI/UX,Sam,P2-Medium,2025-04-22,2025-04-22 12:09:38.694544189,Done,2025-04-22 10:36:08.111859879,2025-04-22 19:06:00,8,10.0,25.6,0,1,120,N,19.1,Spec / Requirement,,PSP Vendor,CS
LUANTA-2168,New player registration flow optimization,UI/UX,Sam,P2-Medium,2025-04-23,2025-04-23 15:45:28.335680352,Done,2025-04-23 04:17:15.886724989,2025-04-23 23:24:00,9,11.8,30.6,0,0,120,N,23.4,Spec / Requirement,,PSP Vendor,Client Ops
LUANTA-2073,Mobile lobby UI rendering optimization,Frontend,Fiona,P2-Medium,2025-04-25,2025-04-25 17:15:39.561010909,Done,2025-04-25 03:56:54.757979464,2025-04-25 17:24:00,10,10.5,4.7,0,0,120,N,17.4,Spec / Requirement,,Compliance,Finance
LUANTA-2151,Game Asset loading speed improvement,Frontend,Ethan,P0-Critical,2025-04-25,2025-04-25 19:58:38.346791077,Review,2025-04-25 07:26:11.362088157,,7,14.4,105.1,0,1,24,N,,Game Feature / Content,,N/A,CS
LUANTA-2038,Game Asset loading speed improvement,Frontend,Grace,P2-Medium,2025-04-26,2025-04-26 05:17:56.644080547,To Do,2025-04-26 01:18:10.399351122,,4,4.3,6.5,0,1,120,N,,Game Feature / Content,,PSP Vendor,N/A
LUANTA-2062,Mobile lobby UI rendering optimization,Frontend,Ethan,P1-High,2025-04-28,2025-04-28 16:55:13.274650178,Done,2025-04-28 08:46:28.557623152,2025-04-28 19:48:00,11,15.1,37.4,0,1,72,N,19.8,Spec / Requirement,,N/A,Finance
LUANTA-2131,Q3 Roadmap planning and stakeholder review,Product Manager,Sam,P0-Critical,2025-04-28,2025-04-29 14:32:48.784521231,Blocked,2025-04-28 21:38:05.570724925,,11,24.9,126.7,2,3,24,N,,Spec / Requirement,Waiting for vendor/PSP response,Internal Platform,Finance
LUANTA-2177,Multi-language localization update (Thai/Vietnamese),Frontend,Fiona,P1-High,2025-04-29,2025-04-29 09:32:30.319717405,Done,2025-04-29 03:59:45.878321710,2025-04-29 14:30:00,7,8.7,25.0,0,0,72,N,14.5,Spec / Requirement,,MG HQ,CS
LUANTA-2123,User experience audit for sports betting module,UI/UX,Sam,P1-High,2025-04-29,2025-04-30 02:07:24.748190400,Done,2025-04-29 06:09:23.745664071,2025-04-30 02:42:00,15,15.1,0.8,0,1,72,N,26.7,Spec / Requirement,,PSP Vendor,Client Ops
LUANTA-2029,Database deadlock investigation during peak hours,Backend,Ben,P2-Medium,2025-05-06,2025-05-06 22:28:50.721793622,Blocked,2025-05-06 06:15:08.473207115,,8,15.9,98.7,2,2,120,N,,Data / DB,Waiting for HQ API clarification,MG HQ,CS
LUANTA-2180,Risk control dashboard redesign,UI/UX,Sam,P3-Low,2025-05-08,2025-05-08 07:38:49.572075019,Done,2025-05-08 03:35:15.583105927,2025-05-08 09:12:00,5,5.0,0.9,0,1,240,N,9.2,Spec / Requirement,,MG HQ,CS
LUANTA-2042,Q3 Roadmap planning and stakeholder review,Product Manager,Sam,P3-Low,2025-05-08,2025-05-09 03:53:35.372318600,In Progress,2025-05-08 06:45:37.665311650,,15,18.1,20.4,0,1,240,N,,Spec / Requirement,,PSP Vendor,CS
LUANTA-2061,New player registration flow optimization,UI/UX,Sam,P2-Medium,2025-05-09,2025-05-09 20:53:25.966568342,Done,2025-05-09 14:23:16.816527473,2025-05-10 00:18:00,13,13.8,6.3,0,1,120,N,24.3,Spec / Requirement,,Internal Platform,Finance
LUANTA-2192,MG Wallet API Integration for Operator A,Backend,Alex,P1-High,2025-05-09,2025-05-10 19:38:16.180963281,Review,2025-05-09 15:03:04.731710805,,14,29.7,111.8,0,2,72,N,,API Dependency,,Compliance,N/A
LUANTA-2002,Post-mortem report for API downtime event,Product Manager,Sam,P1-High,2025-05-11,2025-05-11 05:12:32.641949329,In Progress,2025-05-11 02:08:35.776370595,,5,6.4,28.9,0,1,72,N,,API Dependency,,MG HQ,Finance
LUANTA-2142,Mobile lobby UI rendering optimization,Frontend,Fiona,P2-Medium,2025-05-12,2025-05-12 19:45:43.887406744,Review,2025-05-12 09:24:16.525422306,,13,15.0,15.7,0,0,120,N,,Spec / Requirement,,N/A,CS
LUANTA-2155,Post-mortem report for API downtime event,Product Manager,Sam,P3-Low,2025-05-13,2025-05-13 15:00:13.647596533,In Progress,2025-05-13 07:22:34.553653449,,11,13.9,26.1,0,1,240,N,,API Dependency,,PSP Vendor,Finance
LUANTA-2082,Game Asset loading speed improvement,Frontend,Grace,P2-Medium,2025-05-13,2025-05-13 15:28:38.938220918,Review,2025-05-13 03:06:48.560652018,,10,12.2,21.8,0,1,120,N,,Game Feature / Content,,MG HQ,Client Ops
LUANTA-2014,New Slot Game API end-point validation,Backend,Alex,P2-Medium,2025-05-16,2025-05-16 17:56:27.348684975,Blocked,2025-05-16 04:59:44.299427258,,6,13.5,124.8,1,3,120,N,,API Dependency,Dependency on upstream service release,Compliance,CS
LUANTA-2095,Market research on Asian payment trends,Product Manager,Taylor,P2-Medium,2025-05-16,2025-05-16 17:19:17.050312743,Done,2025-05-16 13:55:31.027379017,2025-05-17 02:30:00,15,18.5,23.3,0,1,120,N,26.5,Payments / PSP,,Compliance,Client Ops
LUANTA-2139,Database deadlock investigation during peak hours,Backend,Cindy,P2-Medium,2025-05-17,2025-05-18 00:53:35.007507376,Done,2025-05-17 05:00:00.352135858,2025-05-18 11:00:00,15,27.8,85.5,2,2,120,N,35.0,Data / DB,,Compliance,N/A
LUANTA-2111,MG Wallet API Integration for Operator A,Backend,Ben,P3-Low,2025-05-18,2025-05-19 08:16:05.225934878,QA,2025-05-18 17:55:55.008177488,2025-05-19 20:42:00,13,30.2,132.3,0,2,240,N,44.7,API Dependency,,MG HQ,CS
LUANTA-2053,Compliance audit for European regulators,Product Manager,Taylor,P1-High,2025-05-22,2025-05-22 07:51:57.042402552,Done,2025-05-22 04:16:06.282832589,2025-05-22 10:12:00,6,6.8,13.5,0,0,72,N,10.2,Spec / Requirement,,MG HQ,Finance
LUANTA-2100,MG Wallet API Integration for Operator A,Backend,Alex,P2-Medium,2025-05-26,2025-05-27 22:31:34.195932073,Done,2025-05-26 20:09:12.776254116,2025-05-28 07:06:00,14,29.6,111.3,0,2,120,N,55.1,API Dependency,,PSP Vendor,Finance
LUANTA-2033,Compliance audit for European regulators,Product Manager,Sam,P0-Critical,2025-05-27,2025-05-28 00:09:50.405793030,Done,2025-05-27 12:07:42.999917032,2025-05-28 04:18:00,10,16.1,60.9,1,2,24,Y,28.3,Spec / Requirement,,Internal Platform,CS
LUANTA-2175,Cross-border payment gateway callback issue,Backend,Ben,P1-High,2025-05-27,2025-05-27 19:07:05.192277081,Done,2025-05-27 14:16:11.591270107,2025-05-28 01:00:00,6,12.6,110.0,0,1,72,N,25.0,API Dependency,,N/A,Finance
LUANTA-2158,Mobile lobby UI rendering optimization,Frontend,Ethan,P2-Medium,2025-05-29,2025-05-29 12:58:47.010518814,Review,2025-05-29 10:14:20.256203902,,8,9.1,13.4,0,1,120,N,,Spec / Requirement,,PSP Vendor,Finance
LUANTA-2069,Compliance audit for European regulators,Product Manager,Sam,P3-Low,2025-06-01,2025-06-01 06:43:59.173768747,Review,2025-06-01 02:34:25.278262747,,5,6.1,22.9,0,1,240,N,,Spec / Requirement,,MG HQ,Finance
LUANTA-2144,Risk control dashboard redesign,UI/UX,Sam,P2-Medium,2025-06-02,2025-06-02 07:46:06.597278695,Done,2025-06-02 03:18:26.591657880,2025-06-02 09:18:00,4,4.6,15.7,0,1,120,N,9.3,Spec / Requirement,,N/A,Finance
LUANTA-2159,Q3 Roadmap planning and stakeholder review,Product Manager,Taylor,P2-Medium,2025-06-03,2025-06-03 06:58:38.773558048,Done,2025-06-03 02:34:47.365025459,2025-06-03 09:36:00,6,7.0,15.9,0,0,120,N,9.6,Spec / Requirement,,MG HQ,N/A
LUANTA-2163,New player registration flow optimization,UI/UX,Sam,P2-Medium,2025-06-05,2025-06-05 07:11:19.536087904,Done,2025-06-05 03:51:08.956751858,2025-06-05 11:42:00,8,9.6,20.6,0,0,120,N,11.7,Spec / Requirement,,MG HQ,Client Ops
LUANTA-2150,Post-mortem report for API downtime event,Product Manager,Taylor,P1-High,2025-06-06,2025-06-06 08:54:04.954337596,Done,2025-06-06 06:02:15.478877889,2025-06-06 11:36:00,7,9.0,28.9,0,1,72,N,11.6,API Dependency,,Internal Platform,N/A
LUANTA-2013,Post-mortem report for API downtime event,Product Manager,Taylor,P1-High,2025-06-06,2025-06-06 06:04:49.183101400,Review,2025-06-06 02:11:15.224909387,,4,4.0,0.6,0,1,72,N,,API Dependency,,Internal Platform,Finance
LUANTA-2059,Game Asset loading speed improvement,Frontend,Grace,P2-Medium,2025-06-07,2025-06-07 05:14:44.888349627,Done,2025-06-07 02:15:49.112963281,2025-06-07 07:36:00,4,4.6,16.0,0,1,120,N,7.6,Game Feature / Content,,Compliance,CS
LUANTA-2046,Cross-border payment gateway callback issue,Backend,Alex,P3-Low,2025-06-07,2025-06-07 22:13:00.296555048,Done,2025-06-07 18:54:44.765648534,2025-06-08 02:48:00,8,19.7,146.0,1,3,240,N,26.8,API Dependency,,N/A,Client Ops
LUANTA-2048,New Slot Game API end-point validation,Backend,Derek,P1-High,2025-06-10,2025-06-10 14:27:37.451890882,Blocked,2025-06-10 03:23:01.365806884,,5,10.3,106.8,2,2,72,N,,API Dependency,Awaiting UAT sign-off,N/A,Finance
LUANTA-2135,Database deadlock investigation during peak hours,Backend,Cindy,P2-Medium,2025-06-10,2025-06-10 20:31:21.577180616,Done,2025-06-10 10:43:25.985042515,2025-06-10 23:18:00,11,17.2,56.1,0,1,120,N,23.3,Data / DB,,PSP Vendor,N/A
LUANTA-2136,Market research on Asian payment trends,Product Manager,Taylor,P1-High,2025-06-17,2025-06-17 12:32:38.468889797,In Progress,2025-06-17 08:45:24.703957272,,7,7.7,10.2,0,0,72,N,,Payments / PSP,,N/A,Finance
LUANTA-2051,Market research on Asian payment trends,Product Manager,Sam,P2-Medium,2025-06-19,2025-06-19 09:23:04.589255155,Done,2025-06-19 02:51:55.036738612,2025-06-19 10:54:00,6,6.6,10.2,0,1,120,N,10.9,Payments / PSP,,Compliance,Client Ops
LUANTA-2116,Cross-border payment gateway callback issue,Backend,Derek,P1-High,2025-06-19,2025-06-19 15:37:09.990140473,In Progress,2025-06-19 03:38:30.686502570,,9,13.6,50.6,0,1,72,N,,API Dependency,,MG HQ,CS
LUANTA-2186,MG Wallet API Integration for Operator A,Backend,Cindy,P2-Medium,2025-06-22,2025-06-23 09:40:15.608307478,Done,2025-06-22 09:59:29.975397663,2025-06-23 12:48:00,13,24.5,88.5,1,3,120,N,36.8,API Dependency,,N/A,Client Ops
LUANTA-2049,WebSocket disconnection issue on iOS,Frontend,Ethan,P3-Low,2025-06-23,2025-06-23 15:29:29.513544050,Done,2025-06-23 13:03:43.528484147,2025-06-23 18:54:00,9,10.3,14.3,0,1,240,N,18.9,Spec / Requirement,,MG HQ,Finance
LUANTA-2101,Integration of new promotional banners,Frontend,Fiona,P3-Low,2025-06-26,2025-06-26 05:38:23.068067730,Done,2025-06-26 01:09:52.214999970,2025-06-26 07:18:00,4,4.7,18.7,0,0,240,N,7.3,API Dependency,,Internal Platform,Finance
LUANTA-2164,Bonus system calculation logic fix,Backend,Alex,P3-Low,2025-06-26,2025-06-26 23:58:53.114826054,QA,2025-06-26 07:57:27.518838171,2025-06-27 04:12:00,9,21.9,143.3,1,2,240,N,28.2,Spec / Requirement,,Compliance,CS
LUANTA-2146,WebSocket disconnection issue on iOS,Frontend,Grace,P1-High,2025-06-28,2025-06-28 09:00:20.093395460,Done,2025-06-28 01:59:53.968766098,2025-06-28 12:06:00,7,9.2,31.8,0,0,72,N,12.1,Spec / Requirement,,PSP Vendor,CS
LUANTA-2070,New Slot Game API end-point validation,Backend,Ben,P2-Medium,2025-06-28,2025-06-29 05:56:58.415855096,Done,2025-06-28 08:18:33.208928633,2025-06-29 13:12:00,8,17.2,115.1,2,3,120,N,37.2,API Dependency,,PSP Vendor,CS
LUANTA-2019,Mobile lobby UI rendering optimization,Frontend,Ethan,P0-Critical,2025-06-28,2025-06-29 03:22:38.199457279,QA,2025-06-28 17:21:36.197850816,2025-06-29 06:36:00,7,14.5,107.6,1,2,24,Y,30.6,Spec / Requirement,,Internal Platform,N/A
LUANTA-2120,Database deadlock investigation during peak hours,Backend,Cindy,P2-Medium,2025-06-29,2025-07-01 02:01:08.416220624,Review,2025-06-29 18:27:51.758159873,,15,27.6,84.3,0,2,120,N,,Data / DB,,N/A,Client Ops
LUANTA-2113,Casino lobby dark mode design,UI/UX,Sam,P1-High,2025-07-02,2025-07-02 16:21:58.847953374,Done,2025-07-02 09:47:39.892367462,2025-07-02 16:54:00,9,11.5,27.9,0,0,72,N,16.9,Spec / Requirement,,PSP Vendor,Finance
LUANTA-2114,Q3 Roadmap planning and stakeholder review,Product Manager,Sam,P1-High,2025-07-03,2025-07-03 14:06:20.072855840,Done,2025-07-03 08:38:55.129746398,2025-07-03 17:36:00,6,8.1,35.0,0,0,72,N,17.6,Spec / Requirement,,Compliance,Client Ops
LUANTA-2121,New Slot Game API end-point validation,Backend,Derek,P0-Critical,2025-07-06,2025-07-07 11:28:33.711653438,Done,2025-07-07 04:11:21.919769616,2025-07-07 19:54:00,10,22.2,122.5,2,2,24,Y,43.9,API Dependency,,Internal Platform,Client Ops
LUANTA-2078,New Slot Game API end-point validation,Backend,Derek,P1-High,2025-07-06,2025-07-06 10:23:43.491323950,Done,2025-07-06 02:06:48.905898340,2025-07-06 11:18:00,4,5.9,46.4,2,1,72,N,11.3,API Dependency,,MG HQ,Client Ops
LUANTA-2005,Casino lobby dark mode design,UI/UX,Taylor,P1-High,2025-07-07,2025-07-07 21:42:02.988983739,Done,2025-07-07 17:18:12.038806631,2025-07-08 05:54:00,15,18.1,20.6,0,0,72,N,29.9,Spec / Requirement,,Compliance,CS
LUANTA-2090,Bonus system calculation logic fix,Backend,Cindy,P1-High,2025-07-10,2025-07-10 08:13:39.309295638,Done,2025-07-10 05:12:40.377657326,2025-07-10 08:48:00,4,6.0,49.9,1,1,72,N,8.8,Spec / Requirement,,N/A,N/A
LUANTA-2108,E-ticket module style customization,UI/UX,Sam,P1-High,2025-07-11,2025-07-11 05:54:09.573385291,Done,2025-07-11 01:51:10.675432733,2025-07-11 07:24:00,5,5.7,14.0,0,1,72,N,7.4,Spec / Requirement,,Internal Platform,N/A
LUANTA-2003,Multi-language localization update (Thai/Vietnamese),Frontend,Fiona,P1-High,2025-07-11,2025-07-11 13:34:23.507343897,To Do,2025-07-11 10:03:30.603687844,,8,10.0,24.7,0,1,72,N,,Spec / Requirement,,MG HQ,CS
LUANTA-2063,Cross-border payment gateway callback issue,Backend,Cindy,P3-Low,2025-07-11,2025-07-11 21:19:01.639323512,QA,2025-07-11 17:01:44.604205788,2025-07-12 09:54:00,9,20.5,127.6,0,2,240,N,33.9,API Dependency,,MG HQ,N/A
LUANTA-2176,Multi-language localization update (Thai/Vietnamese),Frontend,Ethan,P3-Low,2025-07-16,2025-07-16 20:19:42.603858562,Done,2025-07-16 07:41:01.885436807,2025-07-16 21:42:00,14,15.5,10.4,0,0,240,N,21.7,Spec / Requirement,,Internal Platform,Client Ops
LUANTA-2197,Mobile lobby UI rendering optimization,Frontend,Ethan,P2-Medium,2025-07-19,2025-07-19 05:36:00.160203114,Done,2025-07-19 04:43:18.151501047,2025-07-19 09:00:00,5,6.0,19.6,0,1,120,N,9.0,Spec / Requirement,,Internal Platform,N/A
LUANTA-2191,New player registration flow optimization,UI/UX,Sam,P2-Medium,2025-07-20,2025-07-20 06:37:25.948352701,Done,2025-07-20 03:25:55.067558522,2025-07-20 09:18:00,5,5.2,4.3,0,1,120,N,9.3,Spec / Requirement,,Internal Platform,N/A
LUANTA-2030,Requirement doc for wash-requirement logic,Product Manager,Sam,P2-Medium,2025-07-22,2025-07-22 05:16:56.260259918,Done,2025-07-22 03:17:15.665581544,2025-07-22 07:12:00,4,5.2,29.1,0,1,120,N,7.2,Spec / Requirement,,PSP Vendor,Client Ops
LUANTA-2065,Database deadlock investigation during peak hours,Backend,Alex,P1-High,2025-07-23,2025-07-24 11:40:05.669657346,Done,2025-07-24 07:43:05.341850846,2025-07-25 05:18:00,13,25.9,99.0,0,1,72,N,53.3,Data / DB,,Internal Platform,Finance
LUANTA-2097,Cross-border payment gateway callback issue,Backend,Alex,P1-High,2025-07-31,2025-08-01 12:47:08.727142502,Done,2025-07-31 16:40:00.179325696,2025-08-02 02:42:00,15,25.9,72.5,0,1,72,N,50.7,API Dependency,,PSP Vendor,N/A
LUANTA-2001,Casino lobby dark mode design,UI/UX,Taylor,P2-Medium,2025-08-03,2025-08-04 08:33:50.025847852,Done,2025-08-04 01:02:54.688959810,2025-08-04 12:18:00,14,18.9,34.6,0,1,120,N,36.3,Spec / Requirement,,Compliance,Finance
LUANTA-2174,WebSocket disconnection issue on iOS,Frontend,Fiona,P1-High,2025-08-11,2025-08-11 12:21:35.323212420,Done,2025-08-11 05:13:36.154803312,2025-08-11 20:24:00,10,12.5,25.3,0,0,72,N,20.4,Spec / Requirement,,Compliance,N/A
LUANTA-2178,Integration of new promotional banners,Frontend,Fiona,P2-Medium,2025-08-14,2025-08-15 03:44:23.665993033,Done,2025-08-14 21:04:01.407768174,2025-08-15 05:48:00,15,16.3,8.8,0,0,120,N,29.8,API Dependency,,Compliance,N/A
LUANTA-2092,Requirement doc for wash-requirement logic,Product Manager,Taylor,P0-Critical,2025-08-15,2025-08-15 17:31:57.782263422,Done,2025-08-15 10:52:45.451335001,2025-08-15 18:36:00,7,10.4,49.1,0,1,24,N,18.6,Spec / Requirement,,MG HQ,Finance
LUANTA-2190,Compliance audit for European regulators,Product Manager,Taylor,P2-Medium,2025-08-15,2025-08-16 01:54:43.560622695,Done,2025-08-15 09:06:24.412852675,2025-08-16 10:36:00,14,18.7,33.9,0,0,120,N,34.6,Spec / Requirement,,N/A,Client Ops
LUANTA-2017,Integration of new promotional banners,Frontend,Grace,P3-Low,2025-08-15,2025-08-15 06:36:52.025746474,Done,2025-08-15 03:14:23.565152809,2025-08-15 10:00:00,6,7.8,30.4,0,0,240,N,10.0,API Dependency,,MG HQ,Finance
LUANTA-2096,Requirement doc for wash-requirement logic,Product Manager,Sam,P1-High,2025-08-16,2025-08-16 12:21:10.589755381,Done,2025-08-16 05:13:01.928742306,2025-08-16 14:42:00,9,9.1,1.3,0,1,72,N,14.7,Spec / Requirement,,N/A,Client Ops
LUANTA-2193,E-ticket module style customization,UI/UX,Taylor,P3-Low,2025-08-17,2025-08-17 16:42:54.074795493,Done,2025-08-17 04:15:24.885160260,2025-08-18 01:48:00,15,20.8,38.7,0,0,240,N,25.8,Spec / Requirement,,MG HQ,Finance
LUANTA-2147,New Slot Game API end-point validation,Backend,Ben,P2-Medium,2025-08-19,2025-08-19 22:58:32.903502542,Done,2025-08-19 05:04:29.985022702,2025-08-20 06:48:00,7,18.2,159.7,1,2,120,N,30.8,API Dependency,,Internal Platform,CS
LUANTA-2023,Risk control dashboard redesign,UI/UX,Taylor,P3-Low,2025-08-19,2025-08-19 06:35:18.924737334,Done,2025-08-19 02:54:56.455752953,2025-08-19 06:42:00,4,4.4,9.1,0,0,240,N,6.7,Spec / Requirement,,MG HQ,Finance
LUANTA-2015,Database deadlock investigation during peak hours,Backend,Ben,P2-Medium,2025-08-19,2025-08-20 16:13:36.794272972,Done,2025-08-19 08:34:52.883842646,2025-08-20 16:18:00,12,30.0,149.8,2,3,120,N,40.3,Data / DB,,MG HQ,Client Ops
LUANTA-2024,Game Asset loading speed improvement,Frontend,Ethan,P0-Critical,2025-08-21,2025-08-21 18:59:41.268810206,Done,2025-08-21 05:59:57.637747239,2025-08-21 20:54:00,10,16.0,59.8,1,1,24,N,20.9,Game Feature / Content,,Compliance,Finance
LUANTA-2126,Game Asset loading speed improvement,Frontend,Grace,P2-Medium,2025-08-24,2025-08-24 18:45:41.620474004,Done,2025-08-24 13:16:34.363736491,2025-08-25 01:54:00,13,14.5,11.4,0,1,120,N,25.9,Game Feature / Content,,Compliance,CS
LUANTA-2004,Mobile lobby UI rendering optimization,Frontend,Ethan,P2-Medium,2025-08-24,2025-08-24 05:46:31.568627272,Done,2025-08-24 04:01:03.942990214,2025-08-24 06:36:00,4,4.8,21.0,0,0,120,N,6.6,Spec / Requirement,,MG HQ,Client Ops
LUANTA-2020,New Slot Game API end-point validation,Backend,Derek,P1-High,2025-08-25,2025-08-26 09:10:09.522252768,Review,2025-08-25 23:46:57.376215052,,7,17.7,153.1,1,3,72,N,,API Dependency,,N/A,Client Ops
LUANTA-2181,Mobile lobby UI rendering optimization,Frontend,Ethan,P2-Medium,2025-08-25,2025-08-25 14:38:58.745596092,Done,2025-08-25 06:10:56.131404270,2025-08-25 19:24:00,10,10.9,8.7,0,1,120,N,19.4,Spec / Requirement,,PSP Vendor,N/A
LUANTA-2043,Integration of new promotional banners,Frontend,Ethan,P1-High,2025-08-26,2025-08-26 10:42:15.995422551,Done,2025-08-26 08:48:35.649092338,2025-08-26 12:30:00,6,8.1,35.7,0,1,72,N,12.5,API Dependency,,PSP Vendor,Client Ops
LUANTA-2172,Post-mortem report for API downtime event,Product Manager,Taylor,P1-High,2025-08-27,2025-08-27 08:45:43.993227092,Review,2025-08-27 05:23:41.049394953,,6,8.1,35.5,0,1,72,N,,API Dependency,,PSP Vendor,Finance
LUANTA-2072,Game Asset loading speed improvement,Frontend,Grace,P0-Critical,2025-08-30,2025-08-30 12:26:30.983116646,Done,2025-08-30 03:35:09.587245127,2025-08-30 18:12:00,10,14.9,48.5,0,0,24,N,18.2,Game Feature / Content,,Internal Platform,Client Ops
LUANTA-2171,Requirement doc for wash-requirement logic,Product Manager,Sam,P0-Critical,2025-09-04,2025-09-05 07:30:37.346379015,In Progress,2025-09-04 09:28:19.613782264,,11,18.0,63.5,1,2,24,N,,Spec / Requirement,,MG HQ,Client Ops
LUANTA-2067,Requirement doc for wash-requirement logic,Product Manager,Sam,P1-High,2025-09-07,2025-09-07 17:26:10.009207057,Done,2025-09-07 11:56:47.926272233,2025-09-08 02:12:00,13,15.6,20.0,0,1,72,N,26.2,Spec / Requirement,,Internal Platform,Finance
LUANTA-2039,Game Asset loading speed improvement,Frontend,Ethan,P2-Medium,2025-09-11,2025-09-11 20:03:27.067281238,In Progress,2025-09-11 06:26:22.855574436,,12,15.2,26.5,0,1,120,N,,Game Feature / Content,,PSP Vendor,CS
LUANTA-2152,Database deadlock investigation during peak hours,Backend,Derek,P3-Low,2025-09-11,2025-09-12 03:39:42.634080414,Done,2025-09-11 15:21:18.807247399,2025-09-12 05:36:00,11,23.1,110.0,0,2,240,N,29.6,Data / DB,,MG HQ,Client Ops
LUANTA-2165,Post-mortem report for API downtime event,Product Manager,Taylor,P2-Medium,2025-09-14,2025-09-14 19:36:51.725020129,In Progress,2025-09-14 17:32:23.979607408,,10,11.7,17.1,0,1,120,N,,API Dependency,,PSP Vendor,Client Ops
LUANTA-2196,Post-mortem report for API downtime event,Product Manager,Sam,P3-Low,2025-09-21,2025-09-21 07:04:21.125396704,Done,2025-09-21 01:26:03.651767999,2025-09-21 08:36:00,4,5.1,26.4,0,0,240,N,8.6,API Dependency,,Compliance,Client Ops
LUANTA-2137,New Slot Game API end-point validation,Backend,Ben,P0-Critical,2025-09-22,2025-09-23 22:46:53.020623482,Done,2025-09-22 09:53:57.182287930,2025-09-24 02:00:00,11,23.4,112.7,1,2,24,Y,50.0,API Dependency,,Compliance,CS
LUANTA-2188,Game Asset loading speed improvement,Frontend,Ethan,P0-Critical,2025-09-24,2025-09-25 03:53:29.769505634,QA,2025-09-25 00:58:02.729680995,2025-09-25 04:00:00,7,15.8,126.3,0,1,24,Y,28.0,Game Feature / Content,,PSP Vendor,N/A
LUANTA-2027,Database deadlock investigation during peak hours,Backend,Alex,P1-High,2025-09-25,2025-09-25 11:37:20.996007841,Done,2025-09-25 07:04:51.508989093,2025-09-25 17:42:00,6,10.6,76.1,0,0,72,N,17.7,Data / DB,,PSP Vendor,Client Ops
LUANTA-2011,Multi-language localization update (Thai/Vietnamese),Frontend,Grace,P1-High,2025-09-27,2025-09-27 19:00:53.557867303,Done,2025-09-27 05:29:31.919120626,2025-09-28 00:24:00,12,16.6,38.4,0,1,72,N,24.4,Spec / Requirement,,Compliance,Finance
LUANTA-2000,Casino lobby dark mode design,UI/UX,Taylor,P2-Medium,2025-09-28,2025-09-28 15:44:46.337984898,Done,2025-09-28 13:02:22.610635876,2025-09-28 20:48:00,11,13.6,23.9,0,1,120,N,20.8,Spec / Requirement,,Compliance,Finance
LUANTA-2050,Risk control dashboard redesign,UI/UX,Sam,P2-Medium,2025-09-30,2025-09-30 16:44:54.680663940,Done,2025-09-30 13:40:16.510474104,2025-10-01 02:30:00,12,15.4,28.1,0,0,120,N,26.5,Spec / Requirement,,N/A,Finance
LUANTA-2122,New player registration flow optimization,UI/UX,Taylor,P2-Medium,2025-10-01,2025-10-01 16:08:53.390533955,Done,2025-10-01 09:17:26.481720701,2025-10-01 17:54:00,9,10.9,21.3,0,0,120,N,17.9,Spec / Requirement,,N/A,Client Ops
LUANTA-2194,Integration of new promotional banners,Frontend,Fiona,P2-Medium,2025-10-02,2025-10-02 18:43:08.331544138,To Do,2025-10-02 11:53:28.735530659,,15,19.8,32.3,0,1,120,N,,API Dependency,,N/A,Client Ops
LUANTA-2133,Multi-language localization update (Thai/Vietnamese),Frontend,Ethan,P1-High,2025-10-02,2025-10-02 08:16:16.223244960,Done,2025-10-02 03:14:09.382610247,2025-10-02 10:30:00,4,5.2,29.4,0,1,72,N,10.5,Spec / Requirement,,N/A,CS
LUANTA-2044,Risk control dashboard redesign,UI/UX,Sam,P2-Medium,2025-10-04,2025-10-05 02:16:43.369475185,In Progress,2025-10-04 06:11:06.207346195,,15,19.0,26.8,0,1,120,N,,Spec / Requirement,,Internal Platform,Finance
LUANTA-2179,Mobile lobby UI rendering optimization,Frontend,Ethan,P2-Medium,2025-10-07,2025-10-07 14:19:17.382277225,Done,2025-10-07 08:49:29.521106314,2025-10-07 21:18:00,13,15.9,22.6,0,1,120,N,21.3,Spec / Requirement,,PSP Vendor,Finance
LUANTA-2079,E-ticket module style customization,UI/UX,Sam,P0-Critical,2025-10-11,2025-10-11 20:07:24.190612413,QA,2025-10-11 08:10:36.149102748,2025-10-11 20:54:00,6,11.9,99.2,0,2,24,N,20.9,Spec / Requirement,,PSP Vendor,Finance
LUANTA-2099,WebSocket disconnection issue on iOS,Frontend,Grace,P0-Critical,2025-10-13,2025-10-13 16:29:48.668172882,Done,2025-10-13 10:57:45.832727433,2025-10-14 02:42:00,14,20.4,45.4,0,1,24,Y,26.7,Spec / Requirement,,PSP Vendor,N/A
LUANTA-2141,New Slot Game API end-point validation,Backend,Cindy,P1-High,2025-10-13,2025-10-13 16:50:35.967154750,Done,2025-10-13 13:13:41.767984392,2025-10-14 00:18:00,8,13.0,62.4,0,0,72,N,24.3,API Dependency,,Compliance,CS
LUANTA-2054,Requirement doc for wash-requirement logic,Product Manager,Sam,P2-Medium,2025-10-15,2025-10-15 13:28:34.630190274,Done,2025-10-15 02:51:59.662488496,2025-10-15 18:48:00,12,12.7,6.2,0,1,120,N,18.8,Spec / Requirement,,Compliance,Finance
LUANTA-2148,Bonus system calculation logic fix,Backend,Derek,P1-High,2025-10-16,2025-10-17 06:00:43.844181897,Done,2025-10-16 18:31:03.013210787,2025-10-17 13:42:00,9,20.3,125.7,0,1,72,N,37.7,Spec / Requirement,,N/A,Client Ops
LUANTA-2041,Post-mortem report for API downtime event,Product Manager,Taylor,P2-Medium,2025-10-16,2025-10-16 12:51:09.008156775,Done,2025-10-16 04:39:04.586455447,2025-10-16 15:24:00,7,8.0,14.7,0,0,120,N,15.4,API Dependency,,MG HQ,N/A
LUANTA-2128,Cross-border payment gateway callback issue,Backend,Derek,P1-High,2025-10-16,2025-10-16 23:31:14.958174136,Done,2025-10-16 19:05:32.522041031,2025-10-17 05:30:00,9,15.0,67.0,0,0,72,N,29.5,API Dependency,,Internal Platform,N/A
LUANTA-2173,Requirement doc for wash-requirement logic,Product Manager,Taylor,P1-High,2025-10-18,2025-10-18 07:59:02.188630201,Done,2025-10-18 03:00:52.048893511,2025-10-18 12:36:00,7,9.6,37.8,0,0,72,N,12.6,Spec / Requirement,,PSP Vendor,Client Ops
LUANTA-2087,Bonus system calculation logic fix,Backend,Ben,P2-Medium,2025-10-19,2025-10-19 20:38:42.081561672,Review,2025-10-19 12:57:20.011672763,,6,14.0,133.3,1,2,120,N,,Spec / Requirement,,N/A,N/A
LUANTA-2149,Integration of new promotional banners,Frontend,Fiona,P1-High,2025-10-21,2025-10-21 11:09:19.730561292,In Progress,2025-10-21 06:33:12.981807127,,7,8.3,18.3,0,1,72,N,,API Dependency,,PSP Vendor,CS
LUANTA-2160,Database deadlock investigation during peak hours,Backend,Cindy,P3-Low,2025-10-21,2025-10-21 19:14:17.873895501,In Progress,2025-10-21 09:10:57.929431008,,10,18.2,81.6,1,3,240,N,,Data / DB,,MG HQ,Client Ops
LUANTA-2035,New Slot Game API end-point validation,Backend,Cindy,P1-High,2025-10-25,2025-10-26 09:00:39.345876223,Done,2025-10-25 22:15:37.474984086,2025-10-26 14:24:00,10,21.9,119.2,2,2,72,N,38.4,API Dependency,,Internal Platform,N/A
LUANTA-2047,Cross-border payment gateway callback issue,Backend,Alex,P3-Low,2025-10-29,2025-10-29 21:05:39.752311254,Done,2025-10-29 14:56:08.286868974,2025-10-30 00:18:00,6,15.5,157.6,0,2,240,N,24.3,API Dependency,,N/A,Client Ops
LUANTA-2006,Post-mortem report for API downtime event,Product Manager,Sam,P2-Medium,2025-11-03,2025-11-03 22:37:44.508685422,Done,2025-11-03 13:30:22.618002707,2025-11-04 01:00:00,12,12.3,2.6,0,0,120,N,25.0,API Dependency,,N/A,Client Ops
LUANTA-2025,WebSocket disconnection issue on iOS,Frontend,Ethan,P1-High,2025-11-03,2025-11-03 20:37:45.682672771,Done,2025-11-03 15:04:40.458173669,2025-11-04 09:06:00,15,16.5,9.8,0,0,72,N,33.1,Spec / Requirement,,MG HQ,Client Ops
LUANTA-2010,Integration of new promotional banners,Frontend,Ethan,P2-Medium,2025-11-06,2025-11-06 07:27:59.160743028,Done,2025-11-06 06:37:59.230112742,2025-11-06 10:00:00,5,6.6,31.0,0,1,120,N,10.0,API Dependency,,PSP Vendor,Finance
LUANTA-2187,Game Asset loading speed improvement,Frontend,Ethan,P0-Critical,2025-11-06,2025-11-06 10:31:26.261637420,Done,2025-11-06 05:11:36.516697233,2025-11-06 12:54:00,4,6.0,49.9,1,1,24,N,12.9,Game Feature / Content,,MG HQ,CS
LUANTA-2102,E-ticket module style customization,UI/UX,Sam,P1-High,2025-11-07,2025-11-07 05:22:05.854552420,Done,2025-11-07 03:00:26.500961600,2025-11-07 07:18:00,4,4.9,21.4,0,1,72,N,7.3,Spec / Requirement,,PSP Vendor,Finance
LUANTA-2052,Compliance audit for European regulators,Product Manager,Taylor,P3-Low,2025-11-09,2025-11-09 14:09:38.348620758,Done,2025-11-09 02:57:20.655373613,2025-11-09 15:06:00,7,8.8,26.0,0,1,240,N,15.1,Spec / Requirement,,Internal Platform,Client Ops
LUANTA-2055,WebSocket disconnection issue on iOS,Frontend,Ethan,P1-High,2025-11-10,2025-11-10 11:25:10.623538066,Done,2025-11-10 08:38:49.785920431,2025-11-10 14:24:00,9,9.9,10.0,0,0,72,N,14.4,Spec / Requirement,,PSP Vendor,Client Ops
LUANTA-2089,Mobile lobby UI rendering optimization,Frontend,Grace,P2-Medium,2025-11-13,2025-11-14 01:13:37.699661236,Done,2025-11-13 14:13:55.808520856,2025-11-14 03:48:00,10,13.0,29.8,0,0,120,N,27.8,Spec / Requirement,,MG HQ,N/A
LUANTA-2045,New Slot Game API end-point validation,Backend,Alex,P1-High,2025-11-13,2025-11-13 12:47:41.871882602,In Progress,2025-11-13 06:12:46.401373338,,7,10.0,42.9,1,2,72,N,,API Dependency,,Internal Platform,N/A
LUANTA-2138,E-ticket module style customization,UI/UX,Taylor,P3-Low,2025-11-14,2025-11-14 17:28:54.414231308,Review,2025-11-14 04:38:51.137571095,,15,17.5,16.3,0,1,240,N,,Spec / Requirement,,MG HQ,N/A
LUANTA-2127,WebSocket disconnection issue on iOS,Frontend,Ethan,P3-Low,2025-11-16,2025-11-17 01:15:07.587056779,Done,2025-11-16 20:46:35.080434210,2025-11-17 02:12:00,14,16.0,14.2,0,1,240,N,26.2,Spec / Requirement,,PSP Vendor,Client Ops
LUANTA-2140,Post-mortem report for API downtime event,Product Manager,Taylor,P2-Medium,2025-11-16,2025-11-17 02:42:54.671179942,Done,2025-11-16 12:43:47.718233206,2025-11-17 08:00:00,11,14.6,33.1,0,0,120,N,32.0,API Dependency,,MG HQ,N/A
LUANTA-2195,MG Wallet API Integration for Operator A,Backend,Ben,P1-High,2025-11-26,2025-11-27 15:57:16.787088622,Done,2025-11-27 03:04:53.598226286,2025-11-27 18:30:00,10,20.3,102.6,0,1,72,N,42.5,API Dependency,,MG HQ,CS
LUANTA-2094,Bonus system calculation logic fix,Backend,Ben,P3-Low,2025-11-26,2025-11-27 09:52:00.734299982,Done,2025-11-26 10:18:52.411640888,2025-11-27 22:00:00,11,23.6,114.4,0,2,240,N,46.0,Spec / Requirement,,Internal Platform,CS
LUANTA-2129,Q3 Roadmap planning and stakeholder review,Product Manager,Sam,P1-High,2025-11-27,2025-11-27 17:01:47.713752076,Done,2025-11-27 14:52:06.829362836,2025-11-27 21:18:00,10,10.2,2.1,0,1,72,N,21.3,Spec / Requirement,,N/A,Client Ops
LUANTA-2109,Game Asset loading speed improvement,Frontend,Fiona,P2-Medium,2025-12-01,2025-12-01 13:58:33.988663599,Done,2025-12-01 04:32:27.479479711,2025-12-01 17:12:00,6,8.2,36.2,0,0,120,N,17.2,Game Feature / Content,,Compliance,N/A
LUANTA-2110,Compliance audit for European regulators,Product Manager,Sam,P2-Medium,2025-12-01,2025-12-01 13:21:12.352450518,Done,2025-12-01 04:32:09.187598043,2025-12-01 20:48:00,10,12.1,20.9,0,1,120,N,20.8,Spec / Requirement,,MG HQ,Finance
LUANTA-2119,New player registration flow optimization,UI/UX,Taylor,P1-High,2025-12-03,2025-12-03 10:42:28.210096069,Done,2025-12-03 08:34:48.218263604,2025-12-03 14:06:00,7,9.3,32.2,0,1,72,N,14.1,Spec / Requirement,,MG HQ,Client Ops
LUANTA-2012,Cross-border payment gateway callback issue,Backend,Derek,P1-High,2025-12-04,2025-12-05 14:17:26.263439588,Done,2025-12-05 08:07:06.537639505,2025-12-05 15:36:00,11,20.1,82.8,0,1,72,N,39.6,API Dependency,,PSP Vendor,Client Ops
LUANTA-2040,Database deadlock investigation during peak hours,Backend,Ben,P1-High,2025-12-04,2025-12-05 03:36:56.109006457,Done,2025-12-04 09:37:26.830655533,2025-12-05 08:24:00,9,17.4,93.8,2,2,72,N,32.4,Data / DB,,Compliance,Finance
LUANTA-2086,Compliance audit for European regulators,Product Manager,Sam,P3-Low,2025-12-08,2025-12-08 05:50:15.802464771,Done,2025-12-08 03:05:14.430357513,2025-12-08 08:42:00,4,5.5,37.9,0,1,240,N,8.7,Spec / Requirement,,Compliance,Client Ops
LUANTA-2162,Q3 Roadmap planning and stakeholder review,Product Manager,Sam,P2-Medium,2025-12-10,2025-12-10 04:55:41.279172362,Done,2025-12-10 03:30:57.452345820,2025-12-10 06:42:00,4,5.2,31.2,0,1,120,N,6.7,Spec / Requirement,,N/A,Finance
LUANTA-2157,Bonus system calculation logic fix,Backend,Ben,P1-High,2025-12-12,2025-12-13 04:29:11.740857792,Review,2025-12-12 23:12:44.902750049,,9,21.6,140.5,0,1,72,N,,Spec / Requirement,,PSP Vendor,Finance
LUANTA-2060,User experience audit for sports betting module,UI/UX,Sam,P2-Medium,2025-12-12,2025-12-12 16:02:28.101647475,Done,2025-12-12 07:27:52.321823429,2025-12-13 02:18:00,13,18.0,38.5,0,0,120,N,26.3,Spec / Requirement,,MG HQ,N/A
LUANTA-2032,Casino lobby dark mode design,UI/UX,Sam,P1-High,2025-12-15,2025-12-15 16:24:34.677718153,Done,2025-12-15 09:13:14.867235375,2025-12-15 16:54:00,7,7.9,13.0,0,1,72,N,16.9,Spec / Requirement,,MG HQ,Client Ops
LUANTA-2058,New Slot Game API end-point validation,Backend,Derek,P1-High,2025-12-16,2025-12-16 17:36:42.459290791,Review,2025-12-16 12:39:59.143024460,,10,15.7,56.6,0,0,72,N,,API Dependency,,MG HQ,CS
LUANTA-2077,MG Wallet API Integration for Operator A,Backend,Alex,P2-Medium,2025-12-21,2025-12-21 07:48:30.785446288,QA,2025-12-21 05:33:29.121689481,2025-12-21 10:48:00,4,8.2,104.1,0,2,120,N,10.8,API Dependency,,MG HQ,N/A
LUANTA-2075,MG Wallet API Integration for Operator A,Backend,Ben,P2-Medium,2025-12-23,2025-12-24 20:29:15.779259686,Done,2025-12-24 09:16:48.068679452,2025-12-25 05:00:00,11,26.1,136.8,2,3,120,N,53.0,API Dependency,,N/A,N/A
LUANTA-2066,Database deadlock investigation during peak hours,Backend,Derek,P2-Medium,2025-12-23,2025-12-24 02:57:02.816922668,Blocked,2025-12-23 16:08:32.172565399,,13,33.0,153.9,2,3,120,N,,Data / DB,Dependency on upstream service release,PSP Vendor,N/A
LUANTA-2018,Game Asset loading speed improvement,Frontend,Grace,P1-High,2025-12-25,2025-12-25 15:04:39.458870310,Done,2025-12-25 04:07:10.807365021,2025-12-25 21:12:00,12,15.4,28.4,0,0,72,N,21.2,Game Feature / Content,,N/A,Client Ops
LUANTA-2034,Q3 Roadmap planning and stakeholder review,Product Manager,Sam,P2-Medium,2025-12-26,2025-12-27 01:12:09.730251342,Done,2025-12-26 20:59:18.023035316,2025-12-27 04:36:00,14,15.9,13.6,0,0,120,N,28.6,Spec / Requirement,,Internal Platform,N/A
LUANTA-2153,E-ticket module style customization,UI/UX,Sam,P1-High,2025-12-29,2025-12-30 04:20:11.265310896,Done,2025-12-29 22:50:10.958030331,2025-12-30 09:12:00,13,16.0,23.4,0,0,72,N,33.2,Spec / Requirement,,Internal Platform,N/A
LUANTA-2161,New Slot Game API end-point validation,Backend,Ben,P2-Medium,2025-12-30,2025-12-30 14:05:47.968015351,Done,2025-12-30 10:41:40.869805299,2025-12-30 14:12:00,6,10.2,69.8,1,2,120,N,14.2,API Dependency,,Internal Platform,Finance
LUANTA-2198,New player registration flow optimization,UI/UX,Taylor,P2-Medium,2025-12-31,2025-12-31 20:36:35.556976353,Done,2025-12-31 05:33:45.657875055,2026-01-01 00:18:00,13,16.1,23.5,0,0,120,N,24.3,Spec / Requirement,,N/A,Finance
